Date,APE.AX,ARB.AX,BAP.AX,BRG.AX,CCX.AX,CKF.AX,CTD.AX,DMP.AX,FLT.AX,GUD.AX,HVN.AX,IEL.AX,IVC.AX,JBH.AX,PBH.AX,PMV.AX,SGR.AX,SUL.AX,TAH.AX,WEB.AX
2023-06-30 00:00:00+10:00,13.287650108337402,28.308757781982422,5.83665657043457,19.8059139251709,0.3799999952316284,9.675924301147461,17.6790771484375,46.047645568847656,18.878034591674805,8.663641929626465,3.377142906188965,21.923200607299805,11.993788719177246,42.66591262817383,0.7084289193153381,20.260000228881836,1.1549999713897705,11.206758499145508,1.0999090671539307,6.909999847412109
2023-07-03 00:00:00+10:00,13.622550010681152,29.625215530395508,6.0823073387146,20.55086898803711,0.375,9.459372520446777,17.708724975585938,46.682373046875,18.907764434814453,8.938678741455078,3.4644827842712402,21.486719131469727,11.955682754516602,43.748409271240234,0.678746223449707,20.329999923706055,1.1799999475479126,11.589139938354492,1.1147727966308594,6.949999809265137
2023-07-04 00:00:00+10:00,14.174150466918945,29.64501190185547,6.111784934997559,20.77932357788086,0.4000000059604645,9.725140571594238,17.896484375,47.54520797729492,18.977130889892578,9.007437705993652,3.4547784328460693,21.823999404907227,11.984262466430664,43.59237289428711,0.6807250380516052,20.190000534057617,1.159999966621399,11.706796646118164,1.1147727966308594,6.989999771118164
2023-07-05 00:00:00+10:00,14.19385051727295,29.803382873535156,6.12161111831665,20.898517608642578,0.3799999952316284,9.71529769897461,18.1138916015625,46.831138610839844,19.006860733032227,8.938678741455078,3.4644827842712402,21.46687889099121,11.936629295349121,43.97270965576172,0.6846827268600464,20.209999084472656,1.1449999809265137,11.834257125854492,1.1098182201385498,6.929999828338623
2023-07-06 00:00:00+10:00,14.19385051727295,28.53641700744629,6.052828788757324,20.60053253173828,0.36500000953674316,9.59717845916748,18.1237735748291,45.31373596191406,19.046499252319336,8.781515121459961,3.4062561988830566,21.34783935546875,11.888997077941895,43.10476303100586,0.6708307862281799,20.1299991607666,1.0449999570846558,11.569531440734863,1.1147727966308594,7.050000190734863
2023-07-07 00:00:00+10:00,14.046100616455078,27.97222137451172,5.934916973114014,20.511137008666992,0.3499999940395355,9.419999122619629,17.817428588867188,44.32197189331055,18.521284103393555,8.761869430541992,3.377142906188965,20.93120002746582,11.80325984954834,42.23681640625,0.6767673492431641,19.780000686645508,1.0449999570846558,11.196952819824219,1.1098182201385498,6.929999828338623
2023-07-10 00:00:00+10:00,14.016550064086914,28.081100463867188,5.895612716674805,20.709793090820312,0.3400000035762787,9.529999732971191,18.034833908081055,44.64925765991211,18.600563049316406,8.869919776916504,3.3868472576141357,21.000638961791992,11.80325984954834,42.2270622253418,0.6510422229766846,19.6299991607666,1.0449999570846558,11.206758499145508,1.075136423110962,6.920000076293945
2023-07-11 00:00:00+10:00,14.055951118469238,28.477027893066406,6.00369930267334,21.385221481323242,0.3449999988079071,9.729999542236328,18.617877960205078,46.36500930786133,19.115869522094727,9.135133743286133,3.4353694915771484,21.526399612426758,12.003314971923828,42.87070846557617,0.666873037815094,20.139999389648438,1.059999942779541,11.491093635559082,1.0949546098709106,7.179999828338623
2023-07-12 00:00:00+10:00,14.144599914550781,28.70468521118164,6.043003082275391,21.792463302612305,0.3449999988079071,9.859999656677246,18.380708694458008,46.90056228637695,19.165416717529297,9.243183135986328,3.493596076965332,21.576000213623047,12.050947189331055,43.01699447631836,0.6530210971832275,20.15999984741211,1.065000057220459,11.500898361206055,1.090000033378601,7.150000095367432
2023-07-13 00:00:00+10:00,14.76515007019043,29.456945419311523,6.170741558074951,22.358631134033203,0.3400000035762787,9.970000267028809,18.85504913330078,48.308868408203125,19.62126350402832,9.606623649597168,3.5615272521972656,22.07200050354004,12.089052200317383,43.73865509033203,0.6530210971832275,20.8799991607666,1.0800000429153442,11.687187194824219,1.1147727966308594,7.260000228881836
2023-07-14 00:00:00+10:00,14.57800006866455,29.991445541381836,6.141263008117676,22.08051300048828,0.32499998807907104,10.020000457763672,19.29974365234375,49.08244705200195,19.859098434448242,9.557509422302246,3.5809361934661865,22.339839935302734,12.117632865905762,43.79716873168945,0.6827039122581482,21.1200008392334,1.0850000381469727,11.755820274353027,1.1197272539138794,7.300000190734863
2023-07-17 00:00:00+10:00,14.509049415588379,30.110225677490234,6.160915374755859,22.378496170043945,0.3149999976158142,10.100000381469727,19.1811580657959,49.399810791015625,19.97801399230957,9.52804183959961,3.6003448963165283,22.508480072021484,12.136685371398926,44.26527404785156,0.6629153490066528,21.360000610351562,1.059999942779541,11.755820274353027,1.124681830406189,7.349999904632568
2023-07-18 00:00:00+10:00,14.312049865722656,29.981550216674805,6.0823073387146,22.140111923217773,0.3199999928474426,10.109999656677246,19.161392211914062,48.85433578491211,20.116750717163086,9.331587791442871,3.5712316036224365,22.39935874938965,11.688942909240723,44.40180587768555,0.6629153490066528,21.290000915527344,1.059999942779541,11.677382469177246,1.0999090671539307,7.300000190734863
2023-07-19 00:00:00+10:00,14.371150016784668,30.03104019165039,6.160915374755859,22.100379943847656,0.35499998927116394,10.220000267028809,19.487503051757812,49.518821716308594,20.622146606445312,9.439637184143066,3.610049247741699,22.974720001220703,11.831839561462402,44.56759262084961,0.6530210971832275,21.639999389648438,1.065000057220459,12.000937461853027,1.1098182201385498,7.340000152587891
2023-07-20 00:00:00+10:00,14.144599914550781,30.021141052246094,6.12161111831665,22.47782325744629,0.33000001311302185,10.220000267028809,19.586322784423828,49.310550689697266,21.45456314086914,9.331587791442871,3.5615272521972656,22.845760345458984,11.822312355041504,43.455841064453125,0.6530210971832275,21.440000534057617,1.0700000524520874,11.912694931030273,1.1147727966308594,7.539999961853027
2023-07-21 00:00:00+10:00,14.085500717163086,29.674705505371094,6.062654972076416,21.78253173828125,0.3499999940395355,10.109999656677246,19.625852584838867,48.79483413696289,21.940139770507812,9.243183135986328,3.5518229007720947,22.82592010498047,11.78420639038086,43.15352249145508,0.633232593536377,20.790000915527344,1.065000057220459,11.814648628234863,1.1147727966308594,7.53000020980835
2023-07-24 00:00:00+10:00,14.09535026550293,30.149816513061523,6.111784934997559,21.464683532714844,0.36000001430511475,10.020000457763672,19.596206665039062,49.389892578125,22.187883377075195,9.41016960144043,3.5421183109283447,22.99456024169922,11.78420639038086,43.14377212524414,0.6391691565513611,20.670000076293945,1.0800000429153442,11.80484390258789,1.1197272539138794,7.579999923706055
2023-07-25 00:00:00+10:00,14.174150466918945,29.783584594726562,6.023351192474365,21.49448013305664,0.3700000047683716,9.979999542236328,19.507266998291016,46.90056228637695,22.187883377075195,9.341410636901855,3.532413959503174,22.974720001220703,11.774680137634277,42.73417663574219,0.6312537789344788,20.56999969482422,1.0449999570846558,11.667577743530273,1.1048636436462402,7.590000152587891
2023-07-26 00:00:00+10:00,14.420400619506836,29.96175193786621,6.0823073387146,21.335556030273438,0.4000000059604645,10.039999961853027,19.685144424438477,47.604713439941406,22.455446243286133,9.626269340515137,3.532413959503174,23.718719482421875,11.78420639038086,43.299808502197266,0.6371902823448181,21.139999389648438,1.059999942779541,11.844062805175781,1.1048636436462402,7.550000190734863
2023-07-27 00:00:00+10:00,14.725749969482422,31.03075408935547,6.190393447875977,22.318899154663086,0.45500001311302185,10.09000015258789,20.683237075805664,48.328704833984375,23.149127960205078,10.01917839050293,3.639162540435791,24.3635196685791,11.812786102294922,44.694374084472656,0.6569787859916687,22.110000610351562,1.0800000429153442,12.079374313354492,1.0701818466186523,7.869999885559082
2023-07-28 00:00:00+10:00,14.548450469970703,30.921875,6.151089668273926,22.567218780517578,0.48500001430511475,9.960000038146973,20.673355102539062,48.239444732666016,23.00048065185547,9.685205459594727,3.658571481704712,24.45279884338379,11.59367847442627,44.470069885253906,0.666873037815094,22.18000030517578,1.065000057220459,12.040156364440918,1.050363540649414,7.809999942779541
2023-07-31 00:00:00+10:00,14.538599967956543,30.85258674621582,6.141263008117676,22.41822624206543,0.4449999928474426,10.020000457763672,20.673355102539062,48.695655822753906,23.159038543701172,9.793255805969238,3.668275833129883,24.680959701538086,11.631783485412598,44.51883316040039,0.6549999713897705,22.1200008392334,1.0499999523162842,12.069570541381836,1.045409083366394,7.880000114440918
2023-08-01 00:00:00+10:00,14.292350769042969,31.199024200439453,6.131436824798584,22.606948852539062,0.5099999904632568,10.100000381469727,20.72276496887207,48.48738479614258,22.91129493713379,9.734318733215332,3.6876847743988037,24.561920166015625,11.612730979919434,45.37702560424805,0.6728096604347229,22.469999313354492,1.0549999475479126,12.197031021118164,1.0553182363510132,7.829999923706055
2023-08-02 00:00:00+10:00,14.262800216674805,30.79319953918457,6.072481155395508,22.964529037475586,0.49000000953674316,9.880000114440918,20.37689208984375,48.695655822753906,22.673460006713867,9.606623649597168,3.658571481704712,24.19487953186035,11.3745698928833,44.635860443115234,0.6530210971832275,22.40999984741211,1.0399999618530273,11.961718559265137,1.0404545068740845,7.730000019073486
2023-08-03 00:00:00+10:00,14.075650215148926,30.26859474182129,6.092133045196533,22.78573989868164,0.47999998927116394,9.9399995803833,20.139720916748047,48.73532485961914,22.376169204711914,9.547687530517578,3.658571481704712,23.65920066833496,11.203094482421875,44.22626495361328,0.6609364748001099,22.239999771118164,1.0,11.863672256469727,1.035499930381775,7.670000076293945
2023-08-04 00:00:00+10:00,14.144599914550781,30.644725799560547,6.12161111831665,23.29231071472168,0.6150000095367432,10.119999885559082,19.971725463867188,50.66926956176758,21.979780197143555,9.803077697753906,3.62945818901062,24.00640106201172,11.222146987915039,44.59684753417969,0.6549999713897705,22.030000686645508,1.0149999856948853,11.951913833618164,1.0652272701263428,7.599999904632568
2023-08-07 00:00:00+10:00,14.351449966430664,30.94167137145996,6.141263008117676,23.163183212280273,0.6200000047683716,10.300000190734863,20.14960289001465,50.2428092956543,22.227523803710938,10.186164855957031,3.648867130279541,23.93695831298828,11.222146987915039,44.99668884277344,0.633232593536377,22.31999969482422,1.0299999713897705,12.197031021118164,1.0652272701263428,7.650000095367432
2023-08-08 00:00:00+10:00,14.00670051574707,31.208921432495117,6.043003082275391,23.361839294433594,0.574999988079071,10.300000190734863,20.09031105041504,50.13371658325195,22.36625862121582,10.068291664123535,3.610049247741699,23.847681045532227,11.222146987915039,44.99668884277344,0.633232593536377,21.440000534057617,0.9900000095367432,12.098984718322754,1.0652272701263428,7.699999809265137
2023-08-09 00:00:00+10:00,13.878650665283203,31.44647789001465,6.0823073387146,23.520763397216797,0.6000000238418579,10.260000228881836,19.872905731201172,51.48251724243164,22.36625862121582,9.970064163208008,3.62945818901062,24.08576011657715,11.888997077941895,45.103965759277344,0.6272960305213928,21.84000015258789,0.949999988079071,12.098984718322754,1.0602728128433228,7.710000038146973
2023-08-10 00:00:00+10:00,13.829400062561035,31.238615036010742,6.12161111831665,23.967735290527344,0.6349999904632568,10.350000381469727,19.35903549194336,50.7684440612793,22.2374324798584,10.048645973205566,3.639162540435791,23.44095802307129,11.898524284362793,44.93817901611328,0.6174017786979675,21.8799991607666,0.9750000238418579,12.157812118530273,1.0602728128433228,7.699999809265137
2023-08-11 00:00:00+10:00,14.065799713134766,31.7335262298584,6.190393447875977,24.335248947143555,0.6349999904632568,10.270000457763672,19.388683319091797,50.73869323730469,22.2869815826416,10.107583045959473,3.755615711212158,23.510400772094727,11.9652099609375,46.04017639160156,0.641148030757904,21.940000534057617,1.149999976158142,12.432344436645508,1.0602728128433228,7.739999771118164
2023-08-14 00:00:00+10:00,13.937749862670898,31.664236068725586,6.141263008117676,24.474306106567383,0.6050000190734863,10.279999732971191,18.934104919433594,49.16178512573242,22.356348037719727,10.038824081420898,3.7362067699432373,23.11359977722168,12.050947189331055,47.307960510253906,0.6312537789344788,21.809999465942383,1.1449999809265137,12.599023818969727,1.050363540649414,7.730000019073486
2023-08-15 00:00:00+10:00,14.055951118469238,32.29772186279297,6.308305740356445,23.97766876220703,0.5849999785423279,10.25,18.993396759033203,49.73701095581055,22.277070999145508,11.531877517700195,3.7070937156677246,22.89535903930664,12.01284122467041,46.605804443359375,0.6312537789344788,21.81999969482422,1.1349999904632568,12.559804916381836,1.0553182363510132,7.710000038146973
2023-08-16 00:00:00+10:00,13.89834976196289,32.21853256225586,6.65221643447876,23.441301345825195,0.550000011920929,10.119999885559082,18.894577026367188,49.03285598754883,22.088787078857422,11.138969421386719,3.6876847743988037,22.081920623779297,12.003314971923828,45.8646354675293,0.6292749047279358,21.979999542236328,1.1100000143051147,13.079453468322754,1.050363540649414,7.599999904632568
2023-08-17 00:00:00+10:00,13.799850463867188,33.148963928222656,6.475347995758057,23.133386611938477,0.5450000166893005,10.09000015258789,18.884695053100586,49.70725631713867,22.15815544128418,11.06038761138916,3.658571481704712,22.47871971130371,11.9652099609375,45.250247955322266,0.6292749047279358,21.920000076293945,1.0399999618530273,13.452031135559082,1.050363540649414,7.610000133514404
2023-08-18 00:00:00+10:00,13.711200714111328,32.69364547729492,6.386913776397705,22.994327545166016,0.5600000023841858,10.069999694824219,18.756227493286133,48.0609245300293,21.88068199157715,11.374713897705078,3.639162540435791,22.39935874938965,11.9652099609375,44.899169921875,0.6193806529045105,21.75,1.0149999856948853,12.530390739440918,1.0404545068740845,7.570000171661377
2023-08-21 00:00:00+10:00,13.89834976196289,33.19845199584961,6.475347995758057,25.060338973999023,0.550000011920929,10.010000228881836,18.736461639404297,47.52537155151367,21.741947174072266,11.571168899536133,3.658571481704712,22.607681274414062,11.927103996276855,45.357521057128906,0.6253172159194946,24.40999984741211,0.9900000095367432,12.70687484741211,1.0404545068740845,7.519999980926514
2023-08-22 00:00:00+10:00,13.947600364685059,31.85230255126953,6.436044216156006,24.31538200378418,0.5450000166893005,10.079999923706055,19.2009220123291,47.63446807861328,21.96986961364746,11.806914329528809,3.677980422973633,23.103679656982422,11.955682754516602,45.51355743408203,0.6253172159194946,25.530000686645508,0.9700000286102295,12.873555183410645,1.0404545068740845,7.53000020980835
2023-08-23 00:00:00+10:00,14.124900817871094,31.44647789001465,6.504826068878174,24.285585403442383,0.5149999856948853,10.069999694824219,17.876720428466797,53.257774353027344,21.781583786010742,11.924787521362305,3.6973891258239746,25.29599952697754,11.917577743530273,45.2599983215332,0.6253172159194946,25.1299991607666,0.9750000238418579,12.873555183410645,1.0404545068740845,7.510000228881836
2023-08-24 00:00:00+10:00,14.016550064086914,33.93091583251953,6.465521812438965,25.129867553710938,0.5199999809265137,9.949999809265137,18.657405853271484,53.23794174194336,21.940139770507812,12.190000534057617,3.658571481704712,25.732481002807617,11.94615650177002,44.77000045776367,0.6470845341682434,25.209999084472656,0.9700000286102295,12.579414367675781,1.0850454568862915,7.519999980926514
2023-08-25 00:00:00+10:00,14.055951118469238,33.346923828125,6.455696105957031,24.504106521606445,0.4749999940395355,9.789999961853027,18.430118560791016,51.30399703979492,21.5239315032959,11.760000228881836,3.648867130279541,25.772159576416016,11.927103996276855,44.47999954223633,0.6312537789344788,25.25,0.9449999928474426,12.412734031677246,1.000818133354187,7.429999828338623
2023-08-28 00:00:00+10:00,14.312049865722656,33.6834602355957,6.49500036239624,24.4345760345459,0.47999998927116394,9.720000267028809,18.430118560791016,51.79999923706055,21.979780197143555,11.920000076293945,3.7070937156677246,25.325759887695312,12.003314971923828,45.09000015258789,0.6233383417129517,25.690000534057617,0.9449999928474426,12.599023818969727,1.050363540649414,7.420000076293945
2023-08-29 00:00:00+10:00,14.725749969482422,33.663665771484375,6.49500036239624,24.325315475463867,0.5199999809265137,9.829999923706055,18.52893829345703,53.02000045776367,21.88068199157715,12.050000190734863,3.6973891258239746,25.266239166259766,11.993788719177246,45.209999084472656,0.6233383417129517,25.219999313354492,0.9649999737739563,12.638242721557617,1.075136423110962,7.380000114440918
2023-08-30 00:00:00+10:00,15.553150177001953,33.63397216796875,6.599999904632568,24.245853424072266,0.4950000047683716,9.930000305175781,18.68705177307129,53.900001525878906,21.266279220581055,12.09000015258789,3.7265024185180664,24.909120559692383,11.927103996276855,45.709999084472656,0.6292749047279358,25.860000610351562,1.0149999856948853,12.755898475646973,1.090000033378601,7.429999828338623
2023-08-31 00:00:00+10:00,15.760000228881836,33.45580291748047,6.650000095367432,24.444509506225586,0.44999998807907104,9.920000076293945,18.430118560791016,54.04999923706055,20.929349899291992,12.140000343322754,3.920591115951538,24.432958602905273,11.955682754516602,45.66999816894531,0.6431268453598022,25.690000534057617,1.0,12.726484298706055,1.0950000286102295,6.980000019073486
2023-09-01 00:00:00+10:00,15.489999771118164,33.41621017456055,6.650000095367432,24.374980926513672,0.46000000834465027,9.930000305175781,18.41035270690918,54.58000183105469,21.018535614013672,12.050000190734863,3.9982266426086426,24.799999237060547,11.94615650177002,45.90999984741211,0.666873037815094,25.90999984741211,0.9800000190734863,12.667655944824219,1.1050000190734863,7.139999866485596
2023-09-04 00:00:00+10:00,16.010000228881836,33.54488754272461,6.670000076293945,24.116729736328125,0.42500001192092896,9.970000267028809,18.440000534057617,54.90999984741211,20.384313583374023,12.170000076293945,3.920591115951538,25.350000381469727,11.955682754516602,45.79999923706055,0.6728096604347229,26.229999542236328,0.9800000190734863,12.618632316589355,1.1050000190734863,7.03000020980835
2023-09-05 00:00:00+10:00,15.989999771118164,33.653770446777344,6.71999979019165,23.87834358215332,0.4300000071525574,9.970000267028809,18.360000610351562,54.790000915527344,20.29512596130371,12.180000305175781,3.930295944213867,25.079999923706055,11.955682754516602,45.81999969482422,0.6549999713897705,26.040000915527344,0.9750000238418579,12.648046493530273,1.100000023841858,7.090000152587891
2023-09-06 00:00:00+10:00,15.479999542236328,32.426395416259766,6.639999866485596,23.471097946166992,0.4350000023841858,9.680000305175781,17.8700008392334,53.43000030517578,19.77981948852539,12.140000343322754,3.8914780616760254,24.649999618530273,11.927103996276855,45.7400016784668,0.7400000095367432,25.3799991607666,0.9649999737739563,12.550000190734863,1.059999942779541,6.960000038146973
2023-09-07 00:00:00+10:00,14.760000228881836,32.09975814819336,6.599999904632568,23.043991088867188,0.4099999964237213,9.5600004196167,17.649999618530273,52.5,19.551895141601562,11.989999771118164,3.9011824131011963,24.68000030517578,11.936629295349121,46.15999984741211,0.7649999856948853,25.450000762939453,0.9100000262260437,11.829999923706055,1.034999966621399,6.949999809265137
2023-09-08 00:00:00+10:00,14.359999656677246,31.83250617980957,6.599999904632568,23.31217384338379,0.41999998688697815,9.59000015258789,17.479999542236328,53.189998626708984,19.522167205810547,11.960000038146973,3.8914780616760254,24.459999084472656,11.936629295349121,45.97999954223633,0.7549999952316284,25.350000381469727,0.9150000214576721,11.75,1.0199999809265137,6.909999847412109
2023-09-11 00:00:00+10:00,14.600000381469727,32.3175163269043,6.690000057220459,23.014192581176758,0.38499999046325684,9.65999984741211,17.559999465942383,52.90999984741211,19.680723190307617,12.0,3.930295944213867,24.549999237060547,11.974735260009766,46.04999923706055,0.75,25.450000762939453,0.8999999761581421,11.9399995803833,1.034999966621399,6.920000076293945
2023-09-12 00:00:00+10:00,14.539999961853027,32.67384719848633,6.849999904632568,22.89499855041504,0.38999998569488525,9.630000114440918,17.719999313354492,52.25,19.750091552734375,12.279999732971191,3.96911358833313,24.600000381469727,11.94615650177002,46.119998931884766,0.7649999856948853,25.719999313354492,0.8899999856948853,12.09000015258789,1.024999976158142,6.900000095367432
2023-09-13 00:00:00+10:00,13.880000114440918,32.21853256225586,7.050000190734863,22.489999771118164,0.375,9.5600004196167,17.5,52.68000030517578,19.4924373626709,12.350000381469727,3.940000057220459,24.229999542236328,11.9652099609375,45.529998779296875,0.7400000095367432,25.389999389648438,0.8799999952316284,12.050000190734863,1.0149999856948853,6.840000152587891
2023-09-14 00:00:00+10:00,14.300000190734863,32.63425827026367,6.940000057220459,22.389999389648438,0.375,9.569999694824219,17.440000534057617,53.40999984741211,19.641082763671875,12.359999656677246,3.920591115951538,24.6200008392334,11.955682754516602,45.45000076293945,0.7300000190734863,25.34000015258789,0.8799999952316284,12.1899995803833,1.0049999952316284,6.800000190734863
2023-09-15 00:00:00+10:00,14.550000190734863,33.67356491088867,7.070000171661377,22.729999542236328,0.4000000059604645,9.630000114440918,17.59000015258789,53.279998779296875,19.958194732666016,12.350000381469727,3.959408760070801,24.639999389648438,11.936629295349121,46.380001068115234,0.7699999809265137,25.6299991607666,0.8550000190734863,12.300000190734863,0.9950000047683716,6.849999904632568
2023-09-18 00:00:00+10:00,14.220000267028809,33.48550033569336,7.070000171661377,22.579999923706055,0.36500000953674316,9.550000190734863,17.25,52.900001525878906,19.76991081237793,12.149999618530273,3.930295944213867,24.34000015258789,12.003314971923828,46.150001525878906,0.7400000095367432,25.489999771118164,0.7719810009002686,12.09000015258789,1.0,6.769999980926514
2023-09-19 00:00:00+10:00,13.979999542236328,33.15885925292969,7.050000190734863,22.530000686645508,0.36500000953674316,9.5600004196167,17.049999237060547,52.68000030517578,19.760000228881836,12.079999923706055,3.8526601791381836,23.950000762939453,11.94615650177002,45.970001220703125,0.7200000286102295,25.270000457763672,0.7766029834747314,11.989999771118164,0.9950000047683716,6.739999771118164
2023-09-20 00:00:00+10:00,13.819999694824219,33.346923828125,7.019999980926514,22.479999542236328,0.36500000953674316,9.5600004196167,16.920000076293945,52.849998474121094,19.700000762939453,12.140000343322754,3.823546886444092,23.459999084472656,11.955682754516602,46.06999969482422,0.7099999785423279,25.139999389648438,0.7257540225982666,12.039999961853027,0.9850000143051147,6.699999809265137
2023-09-21 00:00:00+10:00,13.65999984741211,32.861915588378906,6.940000057220459,22.43000030517578,0.3449999988079071,9.569999694824219,16.450000762939453,52.959999084472656,19.479999542236328,12.09000015258789,3.79443359375,23.389999389648438,11.94615650177002,45.68000030517578,0.699999988079071,25.0,0.7026410102844238,11.920000076293945,0.9700000286102295,6.679999828338623
2023-09-22 00:00:00+10:00,13.859999656677246,32.46598815917969,6.889999866485596,22.239999771118164,0.3400000035762787,9.520000457763672,16.93000030517578,53.279998779296875,19.65999984741211,11.960000038146973,3.755615711212158,22.010000228881836,11.94615650177002,45.93000030517578,0.7350000143051147,24.969999313354492,0.6933959722518921,11.829999923706055,0.9800000190734863,6.710000038146973
2023-09-25 00:00:00+10:00,13.930000305175781,32.96089553833008,6.949999809265137,22.469999313354492,0.3400000035762787,9.5600004196167,16.989999771118164,54.04999923706055,19.770000457763672,12.020000457763672,3.79443359375,22.15999984741211,11.984262466430664,46.68000030517578,0.7799999713897705,25.170000076293945,0.6933959722518921,11.970000267028809,0.9900000095367432,6.730000019073486
2023-09-26 00:00:00+10:00,13.850000381469727,32.10965347290039,6.840000152587891,22.100000381469727,0.33000001311302185,9.569999694824219,16.860000610351562,53.38999938964844,19.729999542236328,11.9399995803833,3.755615711212158,21.600000381469727,11.955682754516602,46.119998931884766,0.7799999713897705,24.8700008392334,0.6933959722518921,11.970000267028809,0.9649999737739563,6.78000020980835
2023-09-27 00:00:00+10:00,13.850000381469727,31.406885147094727,6.809999942779541,22.1299991607666,0.33500000834465027,9.510000228881836,16.809999465942383,53.33000183105469,19.450000762939453,11.899999618530273,3.7362067699432373,21.700000762939453,11.984262466430664,45.790000915527344,0.7799999713897705,24.709999084472656,0.6299999952316284,11.979999542236328,0.9950000047683716,6.730000019073486
2023-09-28 00:00:00+10:00,13.789999961853027,30.773401260375977,6.78000020980835,21.899999618530273,0.32499998807907104,9.520000457763672,16.59000015258789,52.66999816894531,19.229999542236328,11.850000381469727,3.7167980670928955,20.950000762939453,11.9652099609375,45.79999923706055,0.7900000214576721,24.579999923706055,0.6000000238418579,11.960000038146973,0.9649999737739563,6.670000076293945
2023-09-29 00:00:00+10:00,13.930000305175781,30.961467742919922,6.800000190734863,22.0,0.3799999952316284,9.569999694824219,16.850000381469727,53.18000030517578,19.3799991607666,11.770000457763672,3.755615711212158,21.3799991607666,11.993788719177246,45.41999816894531,0.7850000262260437,25.0,0.6100000143051147,11.989999771118164,0.9399999976158142,6.75
2023-10-02 00:00:00+11:00,13.90999984741211,30.575437545776367,6.769999980926514,21.81999969482422,0.36500000953674316,9.279999732971191,16.479999542236328,51.0099983215332,19.110000610351562,11.569999694824219,3.7167980670928955,21.270000457763672,11.9652099609375,45.150001525878906,0.7950000166893005,24.209999084472656,0.6150000095367432,11.819999694824219,0.9350000023841858,6.599999904632568
2023-10-03 00:00:00+11:00,13.869999885559082,29.05112075805664,6.690000057220459,21.600000381469727,0.3499999940395355,9.149999618530273,16.079999923706055,50.220001220703125,18.790000915527344,11.350000381469727,3.7265024185180664,21.200000762939453,11.974735260009766,44.709999084472656,0.7950000166893005,23.790000915527344,0.6050000190734863,11.5,0.9449999928474426,6.46999979019165
2023-10-04 00:00:00+11:00,14.039999961853027,29.15999984741211,6.699999809265137,21.559999465942383,0.33000001311302185,9.050000190734863,15.75,50.0,18.860000610351562,11.529999732971191,3.755615711212158,21.1200008392334,11.984262466430664,44.459999084472656,0.7799999713897705,23.579999923706055,0.6100000143051147,11.470000267028809,0.9399999976158142,6.429999828338623
2023-10-05 00:00:00+11:00,14.149999618530273,29.149999618530273,6.690000057220459,21.540000915527344,0.33500000834465027,9.109999656677246,15.90999984741211,50.29999923706055,19.139999389648438,11.600000381469727,3.79443359375,21.25,12.003314971923828,44.77000045776367,0.7699999809265137,23.389999389648438,0.6100000143051147,11.550000190734863,0.9399999976158142,6.369999885559082
2023-10-06 00:00:00+11:00,14.039999961853027,29.209999084472656,6.739999771118164,21.940000534057617,0.33500000834465027,9.15999984741211,16.010000228881836,50.45000076293945,19.3799991607666,11.869999885559082,3.823546886444092,21.239999771118164,12.01284122467041,45.15999984741211,0.7749999761581421,23.260000228881836,0.6000000238418579,11.5,0.9549999833106995,6.46999979019165
2023-10-09 00:00:00+11:00,14.229999542236328,29.100000381469727,6.75,21.600000381469727,0.33000001311302185,9.300000190734863,15.949999809265137,50.279998779296875,19.200000762939453,11.90999984741211,3.813842535018921,21.34000015258789,12.041420936584473,45.16999816894531,0.7599999904632568,23.489999771118164,0.5950000286102295,11.569999694824219,0.9599999785423279,6.409999847412109
2023-10-10 00:00:00+11:00,14.319999694824219,30.0,6.730000019073486,21.799999237060547,0.3400000035762787,9.609999656677246,16.559999465942383,51.439998626708984,19.360000610351562,11.850000381469727,3.8720691204071045,21.989999771118164,12.022367477416992,46.189998626708984,0.7599999904632568,23.84000015258789,0.6200000047683716,12.029999732971191,0.9599999785423279,6.420000076293945
2023-10-11 00:00:00+11:00,14.579999923706055,30.700000762939453,6.800000190734863,22.229999542236328,0.3400000035762787,9.479999542236328,16.829999923706055,52.93000030517578,19.5,11.979999542236328,3.940000057220459,22.700000762939453,12.022367477416992,46.81999969482422,0.7699999809265137,24.110000610351562,0.6150000095367432,12.34000015258789,0.9750000238418579,6.489999771118164
2023-10-12 00:00:00+11:00,14.84000015258789,31.190000534057617,6.829999923706055,22.979999542236328,0.3400000035762787,9.619999885559082,16.84000015258789,55.20000076293945,19.559999465942383,12.050000190734863,3.940000057220459,22.8799991607666,12.022367477416992,47.43000030517578,0.7799999713897705,24.190000534057617,0.6449999809265137,12.5,0.9150000214576721,6.53000020980835
2023-10-13 00:00:00+11:00,14.729999542236328,30.59000015258789,6.800000190734863,22.600000381469727,0.33000001311302185,9.369999885559082,16.75,54.54999923706055,19.549999237060547,11.710000038146973,3.880000114440918,22.469999313354492,12.022367477416992,47.04999923706055,0.7599999904632568,23.90999984741211,0.6299999952316284,12.4399995803833,0.9100000262260437,6.550000190734863
2023-10-16 00:00:00+11:00,14.5,30.3700008392334,6.679999828338623,22.1200008392334,0.32499998807907104,9.210000038146973,16.479999542236328,52.81999969482422,19.1299991607666,11.600000381469727,3.7699999809265137,22.309999465942383,12.022367477416992,46.4900016784668,0.7450000047683716,23.610000610351562,0.6050000190734863,12.289999961853027,0.8999999761581421,6.46999979019165
2023-10-17 00:00:00+11:00,14.3100004196167,29.610000610351562,5.909999847412109,22.40999984741211,0.3199999928474426,9.350000381469727,16.799999237060547,53.0099983215332,19.3799991607666,11.260000228881836,3.680000066757202,22.530000686645508,12.022367477416992,45.90999984741211,0.7450000047683716,23.670000076293945,0.6100000143051147,12.180000305175781,0.8899999856948853,6.519999980926514
2023-10-18 00:00:00+11:00,13.979999542236328,29.329999923706055,5.460000038146973,22.239999771118164,0.33000001311302185,9.4399995803833,16.959999084472656,52.41999816894531,19.329999923706055,11.270000457763672,3.5799999237060547,22.530000686645508,12.022367477416992,45.209999084472656,0.7400000095367432,23.469999313354492,0.5950000286102295,12.15999984741211,0.8700000047683716,6.480000019073486
2023-10-19 00:00:00+11:00,13.920000076293945,30.530000686645508,5.599999904632568,21.899999618530273,0.3050000071525574,9.489999771118164,17.079999923706055,52.220001220703125,18.6299991607666,10.8100004196167,3.569999933242798,21.790000915527344,12.022367477416992,44.72999954223633,0.7200000286102295,23.270000457763672,0.6050000190734863,12.09000015258789,0.8700000047683716,6.389999866485596
2023-10-20 00:00:00+11:00,13.579999923706055,30.260000228881836,5.519999980926514,21.719999313354492,0.3050000071525574,9.4399995803833,16.530000686645508,51.40999984741211,18.059999465942383,10.819999694824219,3.5299999713897705,21.5,12.022367477416992,44.47999954223633,0.7200000286102295,23.049999237060547,0.5950000286102295,12.0,0.8600000143051147,6.179999828338623
2023-10-23 00:00:00+11:00,13.399999618530273,31.860000610351562,5.46999979019165,21.93000030517578,0.3100000023841858,9.460000038146973,16.520000457763672,51.95000076293945,17.770000457763672,10.770000457763672,3.549999952316284,21.040000915527344,12.03189468383789,44.36000061035156,0.7200000286102295,22.889999389648438,0.6100000143051147,12.069999694824219,0.8450000286102295,6.139999866485596
2023-10-24 00:00:00+11:00,13.34000015258789,31.600000381469727,5.519999980926514,21.56999969482422,0.3050000071525574,9.4399995803833,16.469999313354492,51.400001525878906,17.790000915527344,10.989999771118164,3.5199999809265137,20.8700008392334,12.041420936584473,44.209999084472656,0.7200000286102295,22.959999084472656,0.6299999952316284,12.170000076293945,0.8500000238418579,6.110000133514404
2023-10-25 00:00:00+11:00,13.119999885559082,30.43000030517578,5.449999809265137,21.649999618530273,0.3050000071525574,9.34000015258789,17.0,51.40999984741211,18.420000076293945,10.989999771118164,3.549999952316284,21.100000381469727,12.041420936584473,44.099998474121094,0.7649999856948853,22.6200008392334,0.6100000143051147,12.199999809265137,0.8149999976158142,6.059999942779541
2023-10-26 00:00:00+11:00,13.140000343322754,30.260000228881836,5.409999847412109,21.809999465942383,0.30000001192092896,9.210000038146973,16.639999389648438,49.97999954223633,18.18000030517578,10.800000190734863,3.549999952316284,22.34000015258789,12.041420936584473,44.02000045776367,0.75,22.510000228881836,0.5950000286102295,12.760000228881836,0.7900000214576721,6.059999942779541
2023-10-27 00:00:00+11:00,13.109999656677246,30.0,5.400000095367432,21.59000015258789,0.2849999964237213,9.25,16.219999313354492,50.040000915527344,18.06999969482422,10.770000457763672,3.7200000286102295,21.770000457763672,11.9652099609375,44.63999938964844,0.7400000095367432,22.600000381469727,0.5950000286102295,12.850000381469727,0.7799999713897705,5.96999979019165
2023-10-30 00:00:00+11:00,12.960000038146973,29.270000457763672,5.340000152587891,21.15999984741211,0.26499998569488525,9.069999694824219,16.350000381469727,49.779998779296875,18.299999237060547,10.619999885559082,3.6700000762939453,21.540000915527344,11.927103996276855,44.470001220703125,0.7400000095367432,22.450000762939453,0.5450000166893005,12.760000228881836,0.7649999856948853,5.980000019073486
2023-10-31 00:00:00+11:00,12.869999885559082,29.170000076293945,5.340000152587891,21.200000762939453,0.25999999046325684,9.09000015258789,16.540000915527344,50.79999923706055,18.6299991607666,10.640000343322754,3.6700000762939453,21.649999618530273,12.060473442077637,45.16999816894531,0.7549999952316284,22.709999084472656,0.5299999713897705,13.180000305175781,0.7749999761581421,6.090000152587891
2023-11-01 00:00:00+11:00,13.130000114440918,29.8700008392334,5.460000038146973,21.579999923706055,0.2549999952316284,9.199999809265137,16.510000228881836,51.9900016784668,18.469999313354492,10.890000343322754,3.5899999141693115,22.059999465942383,12.060473442077637,45.47999954223633,0.7350000143051147,22.8799991607666,0.5400000214576721,12.9399995803833,0.8100000023841858,6.03000020980835
2023-11-02 00:00:00+11:00,13.229999542236328,30.239999771118164,5.610000133514404,21.75,0.25,9.399999618530273,16.81999969482422,51.31999969482422,18.90999984741211,10.90999984741211,3.6700000762939453,22.739999771118164,12.060473442077637,45.869998931884766,0.7549999952316284,23.299999237060547,0.5400000214576721,13.300000190734863,0.8149999976158142,6.190000057220459
2023-11-03 00:00:00+11:00,13.210000038146973,31.260000228881836,5.539999961853027,22.450000762939453,0.2800000011920929,9.510000228881836,16.920000076293945,51.95000076293945,19.06999969482422,11.079999923706055,3.690000057220459,23.200000762939453,12.070000648498535,46.58000183105469,0.7850000262260437,23.520000457763672,0.5600000023841858,13.3100004196167,0.8149999976158142,6.269999980926514
2023-11-06 00:00:00+11:00,13.300000190734863,31.030000686645508,5.53000020980835,22.450000762939453,0.2750000059604645,9.699999809265137,17.329999923706055,52.70000076293945,19.079999923706055,10.9399995803833,3.740000009536743,23.170000076293945,12.070000648498535,46.65999984741211,0.7799999713897705,23.719999313354492,0.5799999833106995,13.319999694824219,0.8199999928474426,6.269999980926514
